fname,lname,prn,email,password,department,year,batch
Tejas,Sawant,118A1075,tejas.sawant18@siesgst.ac.in,password,CE,BE,2022
Pritamsunder,Idayakumar,118A1064,pritam.sunder18@siesgst.ac.in,password,CE,BE,2022
Amit,Sabkale,118A1070,sabkale.amit18@siesgst.ac.in,password,CE,BE,2022
Ratish,Shinde,118A1080,shinde.ratish18@siesgst.ac.in,password,CE,BE,2022
Abiram,Sudhakar,118A1002,sudhakar.abiram18@siesgst.ac.in,password,CE,BE,2022
Anirudh,Belwadi,118A1011,belwadi.anirudh18@siesgst.ac.in,password,CE,BE,2022
Aditya,Borude,118A1014,aditya.borude18@siesgst.ac.in,password,CE,BE,2022
Rishabh,Maurya,118A1046,maurya.rishabh18@siesgst.ac.in,password,CE,BE,2022
Kedar,Sant,118A1074,sant.kedar18@siesgst.ac.in,password,CE,BE,2022,